[
    {
        "filename": "Elan_1.PDF",
        "car": "qqqq",
        "menu": [
            {
                "title": "q",
                "page": 1,
                "icon": null,
                "submenu": [
                    {
                        "title": "2",
                        "page": 2,
                        "icon": null,
                        "submenu": [
                            {
                                "title": "3",
                                "page": 3,
                                "icon": null,
                                "submenu": null
                            }
                        ]
                    }
                ]
            }
        ]
    },
    {
        "filename": "Elan_2.PDF",
        "car": "qqqq",
        "menu": [
            {
                "title": "11",
                "page": 1,
                "icon": null,
                "submenu": [
                    {
                        "title": "22",
                        "page": 2,
                        "icon": null,
                        "submenu": [
                            {
                                "title": "33",
                                "page": 3,
                                "icon": null,
                                "submenu": null
                            }
                        ]
                    }
                ]
            }
        ]
    }
]